{"cameraMode":{"drawMode":0,"name":"Shaded","section":"Shading Mode"},"sceneLighting":false,"audioPlay":false,"sceneViewState":{"m_AlwaysRefresh":false,"showFog":true,"showSkybox":false,"showFlares":true,"showImageEffects":true,"showParticleSystems":true,"showVisualEffectGraphs":true,"m_FxEnabled":true},"in2DMode":false,"pivot":{"x":-5.179999828338623,"y":16.118173599243165,"z":-12.008342742919922},"rotation":{"x":0.09972473233938217,"y":-0.016432004049420358,"z":0.0015600171172991396,"w":0.9949281215667725},"size":3.968367576599121,"orthographic":true}